title	topics
Trump Lawyer: Michigan Legislature Agrees to Hold Election Review Hearings
GOP senator says Trump to Biden transition should begin tomorrow morning
An statement from Senator Toomey regarding the Pennyslvania Federal Court decision regarding the Trump campaign lawsuit.
Ilhan Omar Urges Biden to ‘Reverse’ President Trump’s Middle East Agreements -- Thinks that peace between Israel and Arab nations is a bad thing.
Jenna Ellis insulted Trump and his supporters in 2016. The RINOs are on the inside.
Pennsylvania election: Trump appeals dismissal of bid to block vote certification
Ben Carson: Trump Saved My Life After I Got COVID
Appeals Court Grants Expedited Review of Trump Campaigns Pennsylvania Lawsuit
Poll: Americans Want Biden to Stay Out of Trump Investigations &amp; Pass on Progressive Policies for Now
Trump Responsible For Largest Rescue of American Hostages
Seven Letter Poll: 79 Percent of Trump Voters Say Election Stolen
Trump campaign files for new recount in Georgia
Rush Limbaugh criticizes Trump legal team for promising bombshells and failing to deliver
FNCs Laura Ingraham: I Would Be Lying to You if I Said There Was an Excellent Chance SCOTUS Delivers Victory to Trump
Where are the Republican Politicians? Have they Deserted Trump?
Trump campaign takes Pennsylvania election fight to federal appeals court
Appeals Court Grants Expedited Review of Trump Campaigns Pennsylvania Lawsuit
Democrat House Losses Stemmed From Trump Increasing Voter Turnout: Rep. Richmond
