Trump Announces Groundbreaking Rules to Lower Prescription Drug Prices,Economy. Costs
Trump campaign files for new recount in Georgia,Legitimiciy
Merkel's Germany Tells Trump Not to Bring Troops Home from Afghanistan,International politics
Donald Trump Jr. tests positive for COVID-19,COVID
"Obama to produce Netflix series about Trump transition, unclear whether it will include abusing intel agencies to spy on successor",Transition
Trump: Biden would 'kill the American economy' in rejoining climate treaty.,Economy / climat change
"Kayleigh McEnany Obliterates Both Dems, Media for Hypocrisy Over Election Results, Completely Levels CNN Reporter: ""Where were the calls for unity and a peaceful transition when President Trump was elected in 2016?""",Transition
Obama Tells Jimmy Kimmel: 'We Can Always Send the Navy SEALS' to Remove Trump from White House,Transition
Donald Trump Jr tests positive for coronavirus,COVID
Obamas producing Netflix anti-Trump comedy show,Trump bad
Elected DNC Member Floats Re-Education Camps for Trump Supporters,Trump bad
Trump Makes Late-Term Bid to Lower Prescription Drug Costs,Economy
Chris Christie: Trump’s Legal Team Has Been a ‘National Embarrassment’,Trump refusing loss
Trump Team Files for Fresh Recount in Georgia’s Presidential Race,Trump refusing loss
Pa. Senator Pat Toomey Says President Trump Has 'Exhausted All Plausible Legal Options',Trump refusing loss
Detroit voters sue President Trump over his attempt to block certification of election results,
Trump campaign takes Pennsylvania election fight to federal appeals court,
"Why The Left Can Be So Ridiculously Self-Righteous Without Realizing It -- What we saw in the lead up to the elections, and what we’ll witness for years to come, is utter contempt for Trump voters and conservatives in general.",
Trump Lawyer Sidney Powell Promises 'Biblical' Lawsuit in Coming Days,
An statement from Senator Toomey regarding the Pennyslvania Federal Court decision regarding the Trump campaign lawsuit.,
Federal Election Commission Chair: Trump Campaign Has Legitimate Claims of Election Fraud,
Trump Warns 'Massive Fraud' to Be Uncovered in Michigan Vote,
Trump Lawyer: Michigan Legislature Agrees to Hold Election Review Hearings,
Poll: Americans Want Biden to Stay Out of Trump Investigations &amp; Pass on Progressive Policies for Now,
Detroit voters sue President Trump over his attempt to block certification of election results,
Trump Announces New Regulations Lowering Prescription Drug Costs,
Detroit voters sue President Trump over his attempt to block certification of election results,
"President Trump in virtual G-20 remarks: ""The Paris Accord was not designed to save the environment -- it was designed to kill the American economy.""",
"Obama to produce Netflix series about Trump transition, unclear whether it will include abusing intel agencies to spy on successor",
Time is just not on Trump’s side to overturn 2020 election results,
BLM Thug Who Sucked-Punched Trump Supporter Is a Convicted Child Rapist,
Democrat Senator Joe Manchin tweets that Democrats do not want to defund the police and do not have a socialist agenda and AOC tweets a photo of herself glaring at him during a SOTU speech by Trump.,
"In Apparent Glitch, Voting Machines Hunt Down And Murder Trump Supporters",
GSA notifies Joe Biden that Trump administration is ready to start transition process,
"Poll Shows Media Censorship Cheated Voters of Vital Info, Robbed Trump of Second Term",
"How Trump Responded When Liz Cheney Called on Him to Concede: ""Sorry Liz, can’t accept the results of an election with hundreds of thousands of fraudulent votes cast, enough to easily flip the Election. You’re just unhappy that I’m bringing the troops back home where they belong!""",
Jenna Ellis insulted Trump and his supporters in 2016. The RINOs are on the inside.,
Trump Lawyer: Michigan Legislature Agrees to Hold Election Review Hearings,
GOP senator says Trump to Biden transition should begin 'tomorrow morning',
An statement from Senator Toomey regarding the Pennyslvania Federal Court decision regarding the Trump campaign lawsuit.,
Ilhan Omar Urges Biden to ‘Reverse’ President Trump’s Middle East Agreements -- Thinks that peace between Israel and Arab nations is a bad thing.,
Jenna Ellis insulted Trump and his supporters in 2016. The RINOs are on the inside.,
Pennsylvania election: Trump appeals dismissal of bid to block vote certification,
Ben Carson: Trump Saved My Life After I Got COVID,
Appeals Court Grants Expedited Review of Trump Campaign's Pennsylvania Lawsuit,
Poll: Americans Want Biden to Stay Out of Trump Investigations &amp; Pass on Progressive Policies for Now,
Trump Responsible For Largest Rescue of American Hostages,
Seven Letter Poll: 79 Percent of Trump Voters Say Election 'Stolen',
Trump campaign files for new recount in Georgia,
Rush Limbaugh criticizes Trump legal team for promising 'bombshells' and failing to deliver,
FNC's Laura Ingraham: 'I Would Be Lying to You' if I Said There Was an 'Excellent' Chance SCOTUS Delivers Victory to Trump,
Where are the Republican Politicians? Have they Deserted Trump?,
Trump campaign takes Pennsylvania election fight to federal appeals court,
Appeals Court Grants Expedited Review of Trump Campaign's Pennsylvania Lawsuit,
Democrat House Losses Stemmed From Trump Increasing Voter Turnout: Rep. Richmond,
