Name	title	coding
t3_jxsv1q	Trump Campaign Fact-Checks the Media: Georgia Has Not Certified Biden's Win	
t3_jyiy24	McEnany: Trump's Path To Victory Is Supreme Court, Exposing 'Systemic' Voter Fraud	
t3_jym9cn	Pennsylvania Judge Dismisses Trump Campaign's Challenge to Pennsylvania Election Law	
t3_jysdc9	Body Language - Obama Advice To President Trump	
t3_jyvqgz	Guilfoyle: You Can't Stop Rudy, You Can't Stop Trump	
t3_jxxjgh	Giuliani, other Trump lawyers to skip meeting with Michigan lawmakers after COVID-19 exposure	
t3_jxsxuq	National Democratic Party official suggests re-education for Trump supporters: 'How do you deprogram 75 million people?'	
t3_jykyw7	Federal Election Commission Chair: Trump Campaign Has Legitimate Claims of Election Fraud	
t3_jygwhl	Donald Trump Improved Standing With Latinos In 78 Of America’s 100 Majority-Hispanic Counties	
t3_jyp3ti	Trump Lawyers: Pennsylvania Lawsuit Dismissal Moves Us Closer to Supreme Court	
t3_jyz99e	Trump Lawyer Sidney Powell Promises 'Biblical' Lawsuit in Coming Days	
t3_jydzd2	Twitter says it will hand control of US president's official account to Joe Biden on January 20 - regardless of whether Donald Trump has left the White House	
t3_jy1cr9	Gregg Jarrett Has an Important Reminder for the Media About the Trump Campaign's Evidence of Voter Fraud	
t3_jydj00	LIVE: March for Trump in Atlanta, Georgia	
t3_jxvhyz	Lin Wood: President Trump won 400 electoral votes | One America News Network	
t3_jyp5q9	Actor Scott Baio threatens to move to Utah to unseat Sen. Mitt Romney after his anti-Trump tweet	
t3_jysdc9	Body Language - Obama Advice To President Trump	
t3_jz1up7	Trump Lawyer Says New Lawsuits Will Be Filed in Georgia Soon: 'Quite a Shock'	
t3_jyxl1z	How to explain Latino support for Trump? ABC News reports misleading memes went viral in Latino communities	
t3_jxtalp	Intimidation Tactics Against Trump Lawyers Undermine Justice	
t3_jxzw8k	Donald Trump: ‘Big Pharma’ Purposely Delayed Coronavirus Vaccine Until After Election	
t3_jxxtr7	Trump lawyers cited Minnesota counties in affidavit about Michigan: report	
t3_jxgzoc	Trump campaign statement on Georgia	
t3_jyr204	Trump campaign files for new recount in Georgia	
t3_jy0pv9	Chris Evans and Zach Braff Encourage Keeping Track of Trump ‘Enablers’	
t3_jx81g0	Donald Trump Called to Support Michigan Canvassing Board Members After Threats	
t3_jy0r0u	Obamas producing Netflix anti-Trump comedy show	
t3_jyhhtr	McEnany: Trump's path to victory is Supreme Court, exposing 'systemic' voter fraud	
t3_jxdm04	Lin Wood loses motion to stop certification, Trump vows to file another ‘major lawsuit’ against Georgia election	
t3_jy0f6f	Donald Trump Jr tests positive for coronavirus	
t3_jykt0d	Michigan AG Suggests Criminally Charging Republican Legislators for Meeting With Trump	
t3_jyv0um	FDA Grants Emergency Use Authorization To Antibody Cocktail Used By Trump	
t3_jxsqbc	Do Trump’s Lawyers Know What They Are Doing?	
t3_jyd2rr	Watch: Sidney Powell – Millions of DEAD People Voted! 7 Million Votes STOLEN From Trump!	
t3_jy1cr9	Gregg Jarrett Has an Important Reminder for the Media About the Trump Campaign's Evidence of Voter Fraud	
t3_jxnw1z	Atlanta Mayor Suggests Trump Would ‘Eat His Own Children’ To Advance Agenda	
t3_jxtmra	'We are a nation of laws, not tweets': Republican Sens. Romney and Sasse decry Trump efforts to challenge election	
t3_jxuonz	Elected DNC Member Floats Re-Education Camps for Trump Supporters	
t3_jy4x55	Harvard Students Demand That Trump Officials Be Preemptively Barred From Campus	
t3_jxdun5	After Insulting Trump Voters For Years, NYT Writer Complains Reaching Out To Them Is A 'Waste Of Time'	
t3_jyjte3	Ilhan Omar Urges Biden to ‘Reverse’ President Trump’s Middle East Agreements -- Thinks that peace between Israel and Arab nations is a bad thing.	
t3_jy240e	How Christianity Gained Cultural Momentum In The Trump Era -- Some celebrities are not just talking the talk, but they seem to be walking a walk that seems to counter what Hollywood culture promotes and accepts.	
t3_jxny9j	Trump Legal Adviser Jenna Ellis Rips Media: ‘You Are Not Unbiased Jurors’	
t3_jyfij4	Georgia Gov. Kemp Calls for Audit, Says Trump Can Demand New Recount	
t3_jxtm8p	Hoyer on Trump election challenges: 'I think this borders on treason'	
t3_jyoy6m	Biden to ‘Racist’ Trump Voters: ‘Let’s Heal.’ That’s Easy for Him to Say.	
t3_jym704	Obama Appointed Federal Judge Dismisses Trump Campaign Lawsuit in Pennsylvania	
t3_jymov0	Trump Warns 'Massive Fraud' to Be Uncovered in Michigan Vote	
t3_jxib3j	Trump Campaign Advisor Boris Epshteyn: Reporters 'Taken Aback' by Evidence Presented By Trump's Lawyers	
t3_jyzpvt	How Trump Responded When Liz Cheney Called on Him to Concede: "Sorry Liz, can’t accept the results of an election with hundreds of thousands of fraudulent votes cast, enough to easily flip the Election. You’re just unhappy that I’m bringing the troops back home where they belong!"	
t3_jy2icm	Donald Trump Jr. tests positive for COVID-19	
t3_jypjqa	Merkel's Germany Tells Trump Not to Bring Troops Home from Afghanistan	
t3_jxtalp	Intimidation Tactics Against Trump Lawyers Undermine Justice	
t3_jyzpvt	How Trump Responded When Liz Cheney Called on Him to Concede: "Sorry Liz, can’t accept the results of an election with hundreds of thousands of fraudulent votes cast, enough to easily flip the Election. You’re just unhappy that I’m bringing the troops back home where they belong!"	
t3_jyzuxq	Chris Christie: Trump’s Legal Team Has Been a ‘National Embarrassment’	
t3_jyusgt	Ben Carson: Trump Saved My Life After I Got COVID	
t3_jxtpep	Trump Lawyer Sidney Powell Responds to Tucker Carlson: 'He Was Insulting, Demanding and Rude'	
t3_jxx2eu	Nancy Pelosi calls Trump a 'Psychopathic Nut'	
t3_jy8kt6	Obama to produce Netflix series about Trump transition, unclear whether it will include abusing intel agencies to spy on successor	
t3_jyuhux	Trump campaign attorney responds to Pennsylvania ruling &amp; they’re grateful	
t3_jyoy6m	Biden to ‘Racist’ Trump Voters: ‘Let’s Heal.’ That’s Easy for Him to Say.	
t3_jy0m21	Donald Trump returns to the White House briefing room claiming he 'won' and suggests Pfizer held back vaccine to sabotage his election and says without him the drug would have taken four YEARS	
t3_jyqoj0	Dr. Ben Carson: Trump Saved My Life After I Got COVID	
t3_jyobi4	Michigan Legislators Face Calls For Possible Criminal Charges After Meeting With President Trump On Certification	
t3_jz2tha	Trump obsession: Democrats tweet about him 12,569 times to 486 about Biden	
t3_jyl85p	Judge Dismisses Trump Campaign Suit to Invalidate PA Election Certification With Prejudice	
t3_jxxelw	Trump Appears To Doubting Tucker And Lets Him Touch The Fraudulent Ballots Himself	
t3_jygoog	Trump voters back the President’s charges of election fraud led by Democrats	
t3_jxvhyz	Lin Wood: President Trump won 400 electoral votes | One America News Network	
t3_jylfat	Hispanic Voters In Florida Who Fled Dictatorships Think The Election Was Stolen From Trump	
t3_jx86xn	Romney: Surprising People Believe Trump's Fraud Claims	
t3_jyqh97	Chinese Warn Against Communism at Trump Rally, Tell Americans to Speak Out	
t3_jynp3x	Trump Orders Hasty Afghanistan, Iraq Drawdowns to Beat Biden Inauguration	
t3_jxem59	When Proven Liars Say Trump's Chances Are Slim, It's Time to Listen to Honest Folk Who Know the Score Instead	
t3_jyhhtr	McEnany: Trump's path to victory is Supreme Court, exposing 'systemic' voter fraud	
t3_jypjqa	Merkel's Germany Tells Trump Not to Bring Troops Home from Afghanistan	
t3_jy0vje	Trump's daughter-in-law Lara reported to be considering 2022 Senate run	
t3_jz37gc	Trump Derangement Syndrome in Democrats won't go away with Trump	
t3_jx9880	Giuliani: 'Massive Fraud' Used to Steal Election From Trump	
t3_jyuhux	Trump campaign attorney responds to Pennsylvania ruling &amp; they’re grateful	
t3_jyp7pw	Judge Dismisses Trump Campaign’s Pennsylvania Lawsuit, Slams ‘Strained’ Reasoning; This only helps these cases reach higher levels of court because signed affidavits are admissible in court	
t3_jysta7	Trump camp's lawsuit struck down in Pennsylvania	
t3_jyulqn	Trump Team Files for Fresh Recount in Georgia’s Presidential Race	
t3_jxsxuq	National Democratic Party official suggests re-education for Trump supporters: 'How do you deprogram 75 million people?'	
t3_jxyuk9	Trump Makes Late-Term Bid to Lower Prescription Drug Costs	
t3_jz1z44	Top House conservative plots post-Trump GOP	
t3_jyztx6	Do Trump Supporters Live in an Alternate Universe?	
t3_jz3bhq	Pennsylvania election: Trump appeals dismissal of bid to block vote certification	
t3_jz2tha	Trump obsession: Democrats tweet about him 12,569 times to 486 about Biden	
t3_jz0c9x	Satire: CNN Condemns Trump Rallies As 'Physically Peaceful But Morally Violent'	
t3_jxnr50	Lara Trump mulling 2022 Senate run in North Carolina: report	
t3_jz0o5f	Trump: Biden would 'kill the American economy' in rejoining climate treaty.	
t3_jygs96	Merkel's Germany Tells Trump Not to Bring Troops Home from Afghanistan	
t3_jyn4xj	Trump campaign statement on Pennsylvania ruling	
t3_jysprc	FDA Grants Emergency Use Authorization To Antibody Cocktail Used By Trump	
t3_jyzt0i	Trump, as Always, Is Fighting, as Promised -- President Donald Trump is doing exactly what he promised his supporters he would do by fighting for every possible legal way to win the election.	
t3_jxtmra	'We are a nation of laws, not tweets': Republican Sens. Romney and Sasse decry Trump efforts to challenge election	
t3_jynp3x	Trump Orders Hasty Afghanistan, Iraq Drawdowns to Beat Biden Inauguration	
t3_jxsfmb	Whoa: Nearly a Third of Democrats Believe the Election Was Stolen From Trump	
t3_jz3bhq	Pennsylvania election: Trump appeals dismissal of bid to block vote certification	
t3_jxuny2	An Embarrassing Error by Trump's Legal Team	
t3_jyunuj	Trump campaign adviser Steve Cortes: Sudden Stop In Mail-In Vote Count 'Suspicious' -- Particularly since it was followed by a "deluge" of votes for Joe Biden in key battleground states.	
t3_jyfij4	Georgia Gov. Kemp Calls for Audit, Says Trump Can Demand New Recount	
t3_jy0cbd	Opinion | Georgia Certifies: Donald Trump Lost	
t3_jxocbx	[Not Satire] National Democratic Party official suggests re-education for Trump supporters: 'How do you deprogram 75 million people?'	
t3_jyjte3	Ilhan Omar Urges Biden to ‘Reverse’ President Trump’s Middle East Agreements -- Thinks that peace between Israel and Arab nations is a bad thing.	
t3_jy0r0u	Obamas producing Netflix anti-Trump comedy show	
t3_jy0dkc	Donald Trump Jr. tests positive for COVID-19	
t3_jz37gc	Trump Derangement Syndrome in Democrats won't go away with Trump	
t3_jyfjr4	Trump Objects to Counting Thousands of Wisconsin Ballots	
t3_jydzd2	Twitter says it will hand control of US president's official account to Joe Biden on January 20 - regardless of whether Donald Trump has left the White House	
t3_jxxelw	Trump Appears To Doubting Tucker And Lets Him Touch The Fraudulent Ballots Himself	
t3_jyzt0i	Trump, as Always, Is Fighting, as Promised -- President Donald Trump is doing exactly what he promised his supporters he would do by fighting for every possible legal way to win the election.	
t3_jxxtr7	Trump lawyers cited Minnesota counties in affidavit about Michigan: report	
t3_jym9cn	Pennsylvania Judge Dismisses Trump Campaign's Challenge to Pennsylvania Election Law	
t3_jxrzlp	Obama Tells Jimmy Kimmel: 'We Can Always Send the Navy SEALS' to Remove Trump from White House	
t3_jyvpw5	BREAKING: FDA Grants Emergency Use Authorization To Antibody Cocktail Used By Trump	
t3_jyzuxq	Chris Christie: Trump’s Legal Team Has Been a ‘National Embarrassment’	
t3_jyp3ti	Trump Lawyers: Pennsylvania Lawsuit Dismissal Moves Us Closer to Supreme Court	
t3_jykt0d	Michigan AG Suggests Criminally Charging Republican Legislators for Meeting With Trump	
t3_jxraf0	While You Were Focused on The Kraken, the Senate Continued Confirming Trump Federal Judges	
t3_jytan4	Detroit voters sue President Trump over his attempt to block certification of election results	
t3_jygs96	Merkel's Germany Tells Trump Not to Bring Troops Home from Afghanistan	
t3_jygabf	Ilhan Omar Urges Biden To ‘Reverse’ President Trump’s Middle East Agreements	
t3_jxsfmb	Whoa: Nearly a Third of Democrats Believe the Election Was Stolen From Trump	
t3_jy6x6f	Whatever Happens In The Next Few Weeks, Brothers and Sisters, Remember This Clip, My Favorite 60 seconds of Trump: 'I am your voice'	
t3_jybaah	Rudy and Sidney’s Krakentastic Spectacle, and What It Could Mean -- A dismissive legacy media might have panned Team Trump’s press conference Thursday, but it was a significant moment with significant portents.	
t3_jyobi4	Michigan Legislators Face Calls For Possible Criminal Charges After Meeting With President Trump On Certification	
t3_jy248u	Anti-Trump Legal Team Withdraws In Pennsylvania	
t3_jytpjk	Pa. Senator Pat Toomey Says President Trump Has 'Exhausted All Plausible Legal Options'	
t3_jy6h4r	Romney on Trump election tactics: 'Difficult to imagine a worse, more undemocratic action' by president	
t3_jxx2eu	Nancy Pelosi calls Trump a 'Psychopathic Nut'	
t3_jyb4tl	6 Big Claims by Trump’s Lawyers About Overturning Election Results	
t3_jyby0o	Trump Announces Groundbreaking Rules to Lower Prescription Drug Prices	
t3_jx80n2	Trump Campaign Lawyers: There is a Pattern of Planned Voter Fraud in Multiple States	
t3_jyhsxr	Brian Williams mocks Geraldo Rivera suggestion to name COVID-19 vaccine after Trump	
t3_jyr204	Trump campaign files for new recount in Georgia	
t3_jyv0um	FDA Grants Emergency Use Authorization To Antibody Cocktail Used By Trump	
t3_jytpjk	Pa. Senator Pat Toomey Says President Trump Has 'Exhausted All Plausible Legal Options'	
t3_jygwhl	Donald Trump Improved Standing With Latinos In 78 Of America’s 100 Majority-Hispanic Counties	
t3_jy56dt	Trump Announces New Regulations Lowering Prescription Drug Costs	
t3_jyunuj	Trump campaign adviser Steve Cortes: Sudden Stop In Mail-In Vote Count 'Suspicious' -- Particularly since it was followed by a "deluge" of votes for Joe Biden in key battleground states.	
t3_jy1csd	Hispanic Voters in Florida Feel Election Was Stolen from Trump	
t3_jxnvxb	After UN ‘Database’ Targets Israeli Settlements, Trump Administration to Blacklist BDS Supporters	
t3_jyz99e	Trump Lawyer Sidney Powell Promises 'Biblical' Lawsuit in Coming Days	
t3_jydj00	LIVE: March for Trump in Atlanta, Georgia	
t3_jxgcqs	Georgia recount results: Biden still ahead by 12,000 — but Trump has one last roll of the dice	
t3_jyqipn	Time is just not on Trump’s side to overturn 2020 election results	
t3_jykyw7	Federal Election Commission Chair: Trump Campaign Has Legitimate Claims of Election Fraud	
t3_jxdwum	Sidney Powell: Absent software fraud, Trump 'had at least 80 million votes'	
t3_jysprc	FDA Grants Emergency Use Authorization To Antibody Cocktail Used By Trump	
t3_jxny9j	Trump Legal Adviser Jenna Ellis Rips Media: ‘You Are Not Unbiased Jurors’	
t3_jx9ucr	Trump Campaign Says It Has Uncovered Enough ‘Fraud’ To Overturn Election Result	
t3_jyvpw5	BREAKING: FDA Grants Emergency Use Authorization To Antibody Cocktail Used By Trump	
t3_jy2rb5	Trump lifts travel ban on Chad	
t3_jylbj0	CNN Condemns Trump Rallies As 'Physically Peaceful But Morally Violent'	
t3_jyulqn	Trump Team Files for Fresh Recount in Georgia’s Presidential Race	
t3_jy17l6	Kayleigh McEnany Obliterates Both Dems, Media for Hypocrisy Over Election Results, Completely Levels CNN Reporter: "Where were the calls for unity and a peaceful transition when President Trump was elected in 2016?"	
t3_jz1z44	Top House conservative plots post-Trump GOP	
t3_jz0c9x	Satire: CNN Condemns Trump Rallies As 'Physically Peaceful But Morally Violent'	
t3_jxsv1q	Trump Campaign Fact-Checks the Media: Georgia Has Not Certified Biden's Win	
t3_jx82xb	'We no longer have' an 'honest press' -- Commentator: Media 'casually compares Trump to Hitler' because it's 'what they believe'	
t3_jyxl1z	How to explain Latino support for Trump? ABC News reports misleading memes went viral in Latino communities	
t3_jyqoj0	Dr. Ben Carson: Trump Saved My Life After I Got COVID	
t3_jy1crk	Trump Touts New Rules to 'End Global Free Loading' of Prescription Drugs	
t3_jxp42s	Mitt Romney issues scathing statement condemning President Trump's voter fraud claims	
t3_jyztx6	Do Trump Supporters Live in an Alternate Universe?	
t3_jy0cbd	Opinion | Georgia Certifies: Donald Trump Lost	
t3_jy0dkc	Donald Trump Jr. tests positive for COVID-19	
t3_jxqrev	Giuliani: ‘Massive Fraud’: Trump lawyers present chapter and verse in presser	
t3_jyby0o	Trump Announces Groundbreaking Rules to Lower Prescription Drug Prices	
t3_jy56dt	Trump Announces New Regulations Lowering Prescription Drug Costs	
t3_jxgnco	Tucker Carlson Unloads On Trump Lawyer Sidney Powell Over Wild Election Claims: The Truth Matters	
t3_jy0f6f	Donald Trump Jr tests positive for coronavirus	
t3_jylfat	Hispanic Voters In Florida Who Fled Dictatorships Think The Election Was Stolen From Trump	
t3_jylbj0	CNN Condemns Trump Rallies As 'Physically Peaceful But Morally Violent'	
t3_jz1vvt	Patrick Buchanan: "Is Trump Exiting Afghanistan -- to Attack Iran?"	
t3_jytan4	Detroit voters sue President Trump over his attempt to block certification of election results	
t3_jyl85p	Judge Dismisses Trump Campaign Suit to Invalidate PA Election Certification With Prejudice	
t3_jy44lw	Trump Leads Voyage Of Pilgrims To Greenland To Establish Even Better America	
t3_jyp7pw	Judge Dismisses Trump Campaign’s Pennsylvania Lawsuit, Slams ‘Strained’ Reasoning; This only helps these cases reach higher levels of court because signed affidavits are admissible in court	
t3_jyaufj	Berkeley professor sparks outrage by claiming Trump supporters who have an 'indifference' to COVID are like Germans who 'ignored and profited from the Holocaust'	
t3_jyaufj	Berkeley professor sparks outrage by claiming Trump supporters who have an 'indifference' to COVID are like Germans who 'ignored and profited from the Holocaust'	
t3_jyp5q9	Actor Scott Baio threatens to move to Utah to unseat Sen. Mitt Romney after his anti-Trump tweet	
t3_jx2ieq	New York Times op-ed admits 'Trump was right,' Democrats 'wrong,' about keeping schools open "Some things are true even though President Trump says them"	
t3_jysta7	Trump camp's lawsuit struck down in Pennsylvania	
t3_jy2rb5	Trump lifts travel ban on Chad	
t3_jz1up7	Trump Lawyer Says New Lawsuits Will Be Filed in Georgia Soon: 'Quite a Shock'	
t3_jxnh2b	Lawyer working on Trump Pennsylvania effort placed under official protection due to threats	
t3_jxuonz	Elected DNC Member Floats Re-Education Camps for Trump Supporters	
t3_jxyvco	Trump administration revives talk of action on birthright citizenship	
t3_jyusgt	Ben Carson: Trump Saved My Life After I Got COVID	
t3_jyn4xj	Trump campaign statement on Pennsylvania ruling	
t3_jyqh97	Chinese Warn Against Communism at Trump Rally, Tell Americans to Speak Out	
t3_jymov0	Trump Warns 'Massive Fraud' to Be Uncovered in Michigan Vote	
